Id,Name,Address,Phone,Gender,"City Id"
1,"Jackie Cooke","Main Lane, 1","10 1234-5678",M,"Caxias do Sul (RS)"
2,"Nicky Fox","Sapphire Street, 2","84 4644-5678",M,"São Paulo (SP)"
3,"Logan Roberts","Fortune Lane, 3","84 1564-5345",M,"São Paulo (SP)"
4,"Kerry Marsh","Lilypad Route, 4","84 1124-3478",M,"São Paulo (SP)"
5,"Noel Scott","Fleet Avenue, 5","84 1164-5348",M,"São Paulo (SP)"
6,"Jaden Wells","Dove Boulevard, 6","83 1223-5678",M,"Lajeado (RS)"
7,"Hayden Young","Market Avenue, 7","83 1298-5628",M,"Porto Alegre (RS)"
8,"Erin Wilson","Poplar Way, 8","83 1323-5548",M,"Porto Alegre (RS)"
9,"Leslie Reid","Apollo Street, 9","83 1266-5666",M,"Caxias do Sul (RS)"
10,"Lane Edwards","Long Avenue, 10","83 1234-5578",M,"Porto Alegre (RS)"
11,"Jamie Carr","Fox Route, 11","83 1884-5338",M,"Porto Alegre (RS)"
12,"Angel Johnston","Bellow Street, 12","83 1264-5662",M,"Caxias do Sul (RS)"
13,"Tyler Hamilton","Ebon Lane, 13","83 1243-5658",F,"Porto Alegre (RS)"
14,"Jaime Elliott","Coastline Street, 14","83 1232-5348",M,"Porto Alegre (RS)"
15,"Caden Clark","Main Avenue, 15","83 1674-9878",M,"Porto Alegre (RS)"
16,"Carmen Duncan","Wright Boulevard, 16","83 1256-1238",F,"Caxias do Sul (RS)"
17,"Blake Harvey","Bridgewater Boulevard, 17","83 1278-5238",M,"Porto Alegre (RS)"
18,"Bennie Walsh","Achorage Passage, 18","83 1234-3278",M,"Caxias do Sul (RS)"
19,"Bennie Clarke","Lilypad Avenue, 19","83 1784-5348",M,"Caxias do Sul (RS)"
20,"Kai Lawrence","Pearl Avenue, 20","83 1984-5218",M,"Porto Alegre (RS)"
21,"Elliot Berry","Baker Way, 21","83 1211-5228",M,"Caxias do Sul (RS)"
22,"Rory Thomson","Lilypad Street, 22","83 1233-5558",F,"Porto Alegre (RS)"
23,"Harley Porter","Vale Lane, 23","83 1774-5448",M,"Lajeado (RS)"
24,"Ash Burton","Summer Lane, 24","83 1894-5628",F,"Lajeado (RS)"
25,"Bret Thomas","Butcher Lane, 25","83 1259-5631",M,"Caxias do Sul (RS)"
26,"Jamie Powell","Jewel Lane, 26","83 1208-5088",M,"Lajeado (RS)"
27,"Morgan Marshall","Auburn Lane, 27","83 1404-5640",M,"Lajeado (RS)"
28,"Addison Green","Globe Street, 28","83 1044-5408",F,"Lajeado (RS)"
29,"Sidney Williamson","Windmill Street, 29","83 1234-5678",F,"Lajeado (RS)"
30,"Ash Hamilton","Dove Avenue, 30","83 1564-4578",F,"Lajeado (RS)"
31,"Jackie Lowe","Lily Street, 31","51 8111-3333",M,"Lajeado (RS)"
32,"Gene Hall","Petal Avenue, 32","83 1249-9498",M,"Porto Alegre (RS)"
33,"Bret Allen","Circus Route, 33","83 1229-2978",F,"Lajeado (RS)"
34,"Jordan Gardner","Cannon Route, 34, 56","83 1259-5598",F,"Lajeado (RS)"
35,"Tanner Elliott","Lawn Row, 35","84 1279-9778",M,"São Paulo (SP)"
36,"Ray Morgan","Earl Passage, 36","83 1236-5636",M,"Porto Alegre (RS)"
37,"Jess Powell","River Passage, 37","84 1209-5098",M,"São Paulo (SP)"
38,"Aiden Lewis","Fox Route, 38","83 1252-2578",M,"Lajeado (RS)"
39,"Kiran Saunders","Crimson Street, 39","84 1295-5958",M,"São Paulo (SP)"
40,"Charlie Wood","Chapel Street, 40","(51) 8111-2222",M,"Lajeado (RS)"
